scenario,seed,protocol,internal_auc,external_auc,optimism_gap
S1_preprocess,1,leaky,0.8213299232736573,0.8671913209728336,-0.0458613976991763
S1_preprocess,1,partial,0.8499912392681035,0.8340773229731384,0.01591391629496508
S1_preprocess,1,anti_leakage,0.8437123645122442,0.8699300231770368,-0.026217658664792642
S1_preprocess,2,leaky,0.849129740822376,0.8548206091178792,-0.0056908682955031376
S1_preprocess,2,partial,0.8230881172219993,0.8578716310086135,-0.03478351378661426
S1_preprocess,2,anti_leakage,0.8471177944862154,0.8523785132065387,-0.005260718720323299
S1_preprocess,3,leaky,0.8641966049151228,0.8231869242991589,0.041009680615963995
S1_preprocess,3,partial,0.8706284050111721,0.8473,0.02332840501117206
S1_preprocess,3,anti_leakage,0.8774937343358397,0.8428482504112756,0.03464548392456401
S1_preprocess,4,leaky,0.8083750000000001,0.8414361678359177,-0.033061167835917615
S1_preprocess,4,partial,0.8489587268011383,0.8141669630156472,0.03479176378549109
S1_preprocess,4,anti_leakage,0.8601382778126964,0.8426658957480875,0.017472382064608882
S1_preprocess,5,leaky,0.8579452844855688,0.8392769744160178,0.018668310069551053
S1_preprocess,5,partial,0.8803592995169083,0.8572755244755246,0.023083775041383703
S1_preprocess,5,anti_leakage,0.8371590194846009,0.8549190535491904,-0.01776003406458948
S1_preprocess,6,leaky,0.82399257754708,0.8515845168476748,-0.02759193930059478
S1_preprocess,6,partial,0.822785126653497,0.8238353485064012,-0.001050221852904154
S1_preprocess,6,anti_leakage,0.8567834138486311,0.8142444444444444,0.042538969404186666
S1_preprocess,7,leaky,0.8425842584258425,0.8591945993673928,-0.01661034094155034
S1_preprocess,7,partial,0.846313525410164,0.8386305068106517,0.00768301859951237
S1_preprocess,7,anti_leakage,0.8246407396241585,0.8647613960113961,-0.04012065638723761
S1_preprocess,8,leaky,0.8429342934293429,0.8339704836415363,0.008963809787806643
S1_preprocess,8,partial,0.8724310776942356,0.8642123516073097,0.008218726086925865
S1_preprocess,8,anti_leakage,0.8403001876172607,0.8455237565990554,-0.005223568981794768
S1_preprocess,9,leaky,0.8463388361431899,0.8381284542699233,0.008210381873266615
S1_preprocess,9,partial,0.8771559840325375,0.8712531258682967,0.005902858164240743
S1_preprocess,9,anti_leakage,0.845438175270108,0.8400111111111112,0.005427064158996853
S1_preprocess,10,leaky,0.861036103610361,0.8558201058201058,0.005215997790255167
S1_preprocess,10,partial,0.8504100410041004,0.8369119798121909,0.01349806119190955
S1_preprocess,10,anti_leakage,0.7925783301242779,0.8404595759811547,-0.04788124585687681
S1_preprocess,11,leaky,0.8284706235612049,0.8581982443062339,-0.029727620745028993
S1_preprocess,11,partial,0.8609610961096109,0.8387208432430018,0.022240252866609134
S1_preprocess,11,anti_leakage,0.8478380542488239,0.8508898776418241,-0.0030518233930002525
S1_preprocess,12,leaky,0.8504857772435899,0.8596053627900762,-0.009119585546486286
S1_preprocess,12,partial,0.854561403508772,0.8691179101807122,-0.014556506671940195
S1_preprocess,12,anti_leakage,0.8596030136917724,0.8246799589633793,0.03492305472839308
S1_preprocess,13,leaky,0.8697750000000001,0.886519302615193,-0.016744302615192885
S1_preprocess,13,partial,0.8159593634270843,0.8537740042674254,-0.03781464084034114
S1_preprocess,13,anti_leakage,0.8414539442370801,0.8544942318827669,-0.013040287645686766
S1_preprocess,14,leaky,0.8769610435395734,0.8258423837371205,0.05111865980245289
S1_preprocess,14,partial,0.8162155388471178,0.8686344974910714,-0.05241895864395352
S1_preprocess,14,anti_leakage,0.8308207705192631,0.8424475547798245,-0.011626784260561407
S1_preprocess,15,leaky,0.832724452006806,0.8502406865960356,-0.017516234589229573
S1_preprocess,15,partial,0.8696992481203007,0.8603625673689368,0.009336680751363957
S1_preprocess,15,anti_leakage,0.8362148337595908,0.8471720415718809,-0.010957207812290037
S1_preprocess,16,leaky,0.830958095809581,0.8120249788879506,0.018933116921630466
S1_preprocess,16,partial,0.8643151969981238,0.8725205853918725,-0.008205388393748736
S1_preprocess,16,anti_leakage,0.8390856342537014,0.8511517818448512,-0.012066147591149767
S1_preprocess,17,leaky,0.8111994797919166,0.8514513691322902,-0.0402518893403736
S1_preprocess,17,partial,0.8608992372541149,0.8600810638796771,0.0008181733744377917
S1_preprocess,17,anti_leakage,0.8396979124849459,0.8637041156840934,-0.02400620319914759
S1_preprocess,18,leaky,0.8589566310496543,0.8467283072546231,0.012228323795031137
S1_preprocess,18,partial,0.8407518796992481,0.8604073079109587,-0.019655428211710513
S1_preprocess,18,anti_leakage,0.8558944310897435,0.8437722261735421,0.012122204916201418
S1_preprocess,19,leaky,0.8818552727090686,0.8734199730964637,0.008435299612604918
S1_preprocess,19,partial,0.8750375037503749,0.8576344038127477,0.01740309993762723
S1_preprocess,19,anti_leakage,0.871998799519808,0.8369966629588432,0.035002136560964736
S1_preprocess,20,leaky,0.8524167937786002,0.8573984155379504,-0.00498162175935013
S1_preprocess,20,partial,0.8500663312557883,0.8685312975742019,-0.018464966318413545
S1_preprocess,20,anti_leakage,0.8453595359535955,0.8362886460406221,0.009070889912973334
S1_preprocess,21,leaky,0.8407948949854287,0.8308120133481647,0.009982881637264018
S1_preprocess,21,partial,0.8682795698924731,0.8346099543084569,0.033669615584016266
S1_preprocess,21,anti_leakage,0.87869918699187,0.8338059809384002,0.0448932060534698
S1_preprocess,22,leaky,0.8343250000000001,0.859666295884316,-0.025341295884315884
S1_preprocess,22,partial,0.8711305264743541,0.838071184592619,0.033059341881735094
S1_preprocess,22,anti_leakage,0.8417347580138276,0.8557179592790908,-0.013983201265263201
S1_preprocess,23,leaky,0.8718848540331604,0.8355260233788169,0.03635883065434353
S1_preprocess,23,partial,0.8686025226309586,0.8612457747731721,0.007356747857786505
S1_preprocess,23,anti_leakage,0.83675269684444,0.8433333333333335,-0.00658063648889351
S1_preprocess,24,leaky,0.8664366436643663,0.8590643013539478,0.0073723423104185
S1_preprocess,24,partial,0.8654466361659041,0.8384933035714286,0.02695333259447552
S1_preprocess,24,anti_leakage,0.8726065162907268,0.8650723025583982,0.007534213732328654
S1_preprocess,25,leaky,0.8474889955982392,0.8602774443110578,-0.01278844871281859
S1_preprocess,25,partial,0.8679075127132443,0.8479409246099268,0.01996658810331753
S1_preprocess,25,anti_leakage,0.8332204919882645,0.8529899131440518,-0.01976942115578728
S1_preprocess,26,leaky,0.8510686561145278,0.8218587492777458,0.02920990683678193
S1_preprocess,26,partial,0.870275,0.8591436574629852,0.011131342537014866
S1_preprocess,26,anti_leakage,0.8296023637820512,0.8373510051592243,-0.007748641377173127
S1_preprocess,27,leaky,0.8123815061048055,0.8670545454545454,-0.05467303934973988
S1_preprocess,27,partial,0.838126705213887,0.8482932574781101,-0.010166552264223139
S1_preprocess,27,anti_leakage,0.8384709617740443,0.8835914702581369,-0.04512050848409255
S1_preprocess,28,leaky,0.8273957470312069,0.8388659989504127,-0.01147025191920581
S1_preprocess,28,partial,0.8382853141256503,0.8427527188447138,-0.004467404719063484
S1_preprocess,28,anti_leakage,0.82945,0.8603489878904329,-0.030898987890432883
S1_preprocess,29,leaky,0.8350191223832528,0.8437040666340029,-0.00868494425075006
S1_preprocess,29,partial,0.8374759079872844,0.8629974108521965,-0.02552150286491206
S1_preprocess,29,anti_leakage,0.8334103037766831,0.8391888888888889,-0.0057785851122057474
S1_preprocess,30,leaky,0.8292066826730693,0.8477555706658046,-0.018548887992735352
S1_preprocess,30,partial,0.8609937235878072,0.8366772420572858,0.02431648153052146
S1_preprocess,30,anti_leakage,0.8557673069227691,0.8501207178540036,0.005646589068765584
S1_preprocess,31,leaky,0.8212890625,0.8474515953246812,-0.026162532824681173
S1_preprocess,31,partial,0.8467274233637117,0.8184491859008767,0.028278237462834976
S1_preprocess,31,anti_leakage,0.8446687253646656,0.8545357488406231,-0.00986702347595747
S1_preprocess,32,leaky,0.835666893715785,0.8357432620172269,-7.636830144197582e-05
S1_preprocess,32,partial,0.820952380952381,0.8581646273637376,-0.037212246411356564
S1_preprocess,32,anti_leakage,0.8437625451625853,0.8564516129032259,-0.012689067740640603
S1_preprocess,33,leaky,0.842171054276357,0.8351075675916441,0.007063486684712905
S1_preprocess,33,partial,0.8829566218617806,0.8559703822650431,0.026986239596737516
S1_preprocess,33,anti_leakage,0.8443358395989976,0.8336607142857143,0.010675125313283296
S1_preprocess,34,leaky,0.8541963905784586,0.8386329535982217,0.015563436980236989
S1_preprocess,34,partial,0.8228541416566627,0.8476117343304843,-0.024757592673821605
S1_preprocess,34,anti_leakage,0.8255575557555757,0.8121589936771456,0.013398562078430043
S1_preprocess,35,leaky,0.8787219680492012,0.8638405546699959,0.014881413379205344
S1_preprocess,35,partial,0.8558639885654105,0.8459348870307775,0.009929101534633
S1_preprocess,35,anti_leakage,0.8485848584858486,0.8457084316956929,0.0028764267901557616
S1_preprocess,36,leaky,0.8311230107096387,0.853045518744648,-0.02192250803500928
S1_preprocess,36,partial,0.838588682453552,0.8389222222222222,-0.0003335397686702324
S1_preprocess,36,anti_leakage,0.8120434253246753,0.8516414492334715,-0.03959802390879619
S1_preprocess,37,leaky,0.8497060662914321,0.8408707053646829,0.008835360926749192
S1_preprocess,37,partial,0.8494809255784864,0.8083081302259385,0.04117279535254792
S1_preprocess,37,anti_leakage,0.826047633403678,0.8284510455692544,-0.0024034121655763796
S1_preprocess,38,leaky,0.8755256729873334,0.8562936130494688,0.019232059937864587
S1_preprocess,38,partial,0.8707752976566647,0.8626529319598626,0.008122365696802136
S1_preprocess,38,anti_leakage,0.8429325924257215,0.8521111111111112,-0.009178518685389658
S1_preprocess,39,leaky,0.8518917025322792,0.8429153311965812,0.008976371335697952
S1_preprocess,39,partial,0.8274361731389562,0.8333649162310084,-0.005928743092052158
S1_preprocess,39,anti_leakage,0.8302921078320943,0.8535595105672971,-0.02326740273520278
S1_preprocess,40,leaky,0.8487329727564102,0.8437816144345254,0.004951358321884869
S1_preprocess,40,partial,0.8326199594503266,0.8233180164443307,0.00930194300599596
S1_preprocess,40,anti_leakage,0.8483573717948718,0.8472687602275383,0.0010886115673335306
S1_preprocess,41,leaky,0.8615111511151116,0.8393284304453763,0.022182720669735256
S1_preprocess,41,partial,0.8541463536588415,0.8520539117101301,0.0020924419487113877
S1_preprocess,41,anti_leakage,0.8604494044640177,0.8510415272759713,0.009407877188046476
S1_preprocess,42,leaky,0.82805,0.8464931774745545,-0.018443177474554595
S1_preprocess,42,partial,0.8613465336633416,0.8417204635607063,0.019626070102635285
S1_preprocess,42,anti_leakage,0.8579509899627044,0.8337322305217575,0.02421875944094687
S1_preprocess,43,leaky,0.8478886636129258,0.8500406862034757,-0.002152022590549918
S1_preprocess,43,partial,0.8420565192360643,0.8643111111111111,-0.02225459187504686
S1_preprocess,43,anti_leakage,0.8526328955597248,0.8394135431950558,0.01321935236466898
S1_preprocess,44,leaky,0.8432742387820513,0.8528045690919597,-0.009530330309908353
S1_preprocess,44,partial,0.8060854804793394,0.8453603663687697,-0.03927488588943029
S1_preprocess,44,anti_leakage,0.8518351835183519,0.8573000856021611,-0.005464902083809231
S1_preprocess,45,leaky,0.840852602244483,0.8641156840934372,-0.023263081848954204
S1_preprocess,45,partial,0.8520003006087327,0.8095730601986231,0.04242724041010959
S1_preprocess,45,anti_leakage,0.8973584145450884,0.8266008311363331,0.07075758340875526
S1_preprocess,46,leaky,0.8353352975246153,0.8570377963986451,-0.021702498874029752
S1_preprocess,46,partial,0.850576441102757,0.8554908782728935,-0.00491443717013651
S1_preprocess,46,anti_leakage,0.825020625515638,0.8510404161664665,-0.02601979065082849
S1_preprocess,47,leaky,0.8385296767090382,0.8527633275532435,-0.014233650844205248
S1_preprocess,47,partial,0.8278985507246377,0.8388046763869133,-0.010906125662275556
S1_preprocess,47,anti_leakage,0.8372633842614589,0.8388935904859471,-0.0016302062244882842
S1_preprocess,48,leaky,0.8526674006605947,0.8544417767106844,-0.0017743760500897876
S1_preprocess,48,partial,0.8161406695426221,0.854409493438816,-0.038268823896193904
S1_preprocess,48,anti_leakage,0.8446801574763659,0.844460511679644,0.00021964579672195672
S1_preprocess,49,leaky,0.845332527511269,0.8738535424842415,-0.028521014972972547
S1_preprocess,49,partial,0.8447105388411534,0.845630484165516,-0.0009199453243625699
S1_preprocess,49,anti_leakage,0.8119781023739248,0.8595012840324178,-0.04752318165849301
S1_preprocess,50,leaky,0.8477140856342537,0.8501223581757509,-0.002408272541497225
S1_preprocess,50,partial,0.8505479074199455,0.8222796311968287,0.028268276223116784
S1_preprocess,50,anti_leakage,0.8715210922457552,0.8718430204780053,-0.0003219282322500794
S2_feature_select,1,leaky,0.8192436040044493,0.6560444078947367,0.16319919610971256
S2_feature_select,1,partial,0.5801398601398602,0.5509868421052632,0.029153018034597022
S2_feature_select,1,anti_leakage,0.5083705357142858,0.6514005315886322,-0.1430299958743464
S2_feature_select,2,leaky,0.7581369248035915,0.5084292763157895,0.24970764848780203
S2_feature_select,2,partial,0.6337597330367075,0.6024071384104586,0.03135259462624895
S2_feature_select,2,anti_leakage,0.5125714285714286,0.5282710757297407,-0.01569964715831218
S2_feature_select,3,leaky,0.8127790178571428,0.5774647887323943,0.23531422912474853
S2_feature_select,3,partial,0.5695104895104895,0.5337500000000001,0.03576048951048949
S2_feature_select,3,anti_leakage,0.6196045669729882,0.5845248107653491,0.035079756207639035
S2_feature_select,4,leaky,0.8030008335648791,0.540296052631579,0.2627047809333001
S2_feature_select,4,partial,0.5218116143373159,0.4984690753214941,0.02334253901582184
S2_feature_select,4,anti_leakage,0.48277777777777775,0.5841523341523341,-0.10137455637455639
S2_feature_select,5,leaky,0.749090909090909,0.6096813725490196,0.13940953654188948
S2_feature_select,5,partial,0.6231428571428571,0.6070261437908496,0.016116713352007483
S2_feature_select,5,anti_leakage,0.521690767519466,0.5824424342105262,-0.060751666691060247
S2_feature_select,6,leaky,0.8851428571428571,0.5873015873015873,0.2978412698412698
S2_feature_select,6,partial,0.6053948832035595,0.6373355263157894,-0.03194064311222988
S2_feature_select,6,anti_leakage,0.5511363636363635,0.5488006617038875,0.0023357019324760087
S2_feature_select,7,leaky,0.8081201334816464,0.582923832923833,0.22519630055781337
S2_feature_select,7,partial,0.5030864197530864,0.49682051282051287,0.006265906932573562
S2_feature_select,7,anti_leakage,0.5979236812570146,0.5516326530612244,0.04629102819579012
S2_feature_select,8,leaky,0.7844208105777523,0.6397948717948719,0.14462593878288033
S2_feature_select,8,partial,0.5625174825174825,0.5470504184527454,0.01546706406473708
S2_feature_select,8,anti_leakage,0.5948203842940685,0.5461601307189543,0.048660253575114165
S2_feature_select,9,leaky,0.8755221386800334,0.5401025641025641,0.3354195745774693
S2_feature_select,9,partial,0.595655806182122,0.5579769736842106,0.037678832497911374
S2_feature_select,9,anti_leakage,0.5332776385407965,0.6352282515073213,-0.10195061296652486
S2_feature_select,10,leaky,0.8515016685205784,0.5237803633394571,0.3277213051811213
S2_feature_select,10,partial,0.6388811188811189,0.6015513370075526,0.03732978187356628
S2_feature_select,10,anti_leakage,0.5460972850678733,0.6302211302211302,-0.084123845153257
S2_feature_select,11,leaky,0.7961111111111112,0.4659183673469388,0.3301927437641724
S2_feature_select,11,partial,0.57006993006993,0.4702123273551845,0.09985760271474553
S2_feature_select,11,anti_leakage,0.5266666666666667,0.5347916666666667,-0.008124999999999938
S2_feature_select,12,leaky,0.8815004262574595,0.585034013605442,0.29646641265201745
S2_feature_select,12,partial,0.4969444444444444,0.5755469229196484,-0.07860247847520396
S2_feature_select,12,anti_leakage,0.5540158371040724,0.6543996710526315,-0.1003838339485591
S2_feature_select,13,leaky,0.7505561735261401,0.6469387755102042,0.10361739801593595
S2_feature_select,13,partial,0.531814392886913,0.5642135642135642,-0.032399171326651155
S2_feature_select,13,anti_leakage,0.5315365379272021,0.5218461538461538,0.009690384081048276
S2_feature_select,14,leaky,0.8226711560044894,0.5869654605263157,0.23570569547817366
S2_feature_select,14,partial,0.5616515837104072,0.6258503401360545,-0.06419875642564721
S2_feature_select,14,anti_leakage,0.5513392857142857,0.4994812201701598,0.05185806554412592
S2_feature_select,15,leaky,0.8556643356643356,0.6319657072872015,0.22369862837713417
S2_feature_select,15,partial,0.5337593776048903,0.43702329416615127,0.09673608343873907
S2_feature_select,15,anti_leakage,0.6366772060937052,0.6786600496277915,-0.04198284353408632
S2_feature_select,16,leaky,0.8317522321428572,0.547911547911548,0.28384068423130926
S2_feature_select,16,partial,0.5690045248868779,0.54031434986732,0.02869017501955795
S2_feature_select,16,anti_leakage,0.5323076923076924,0.6076388888888888,-0.07533119658119647
S2_feature_select,17,leaky,0.818924246691073,0.6600954554886906,0.15882879120238236
S2_feature_select,17,partial,0.6115127919911012,0.5739112655898588,0.03760152640124237
S2_feature_select,17,anti_leakage,0.6644219977553311,0.5689795918367346,0.09544240591859643
S2_feature_select,18,leaky,0.8459595959595959,0.5135741988160849,0.332385397143511
S2_feature_select,18,partial,0.5164620535714286,0.49822138522703496,0.01824066834439364
S2_feature_select,18,anti_leakage,0.4638009049773756,0.5194035947712419,-0.05560268979386629
S2_feature_select,19,leaky,0.8624617949430398,0.6564605021432945,0.20600129279974522
S2_feature_select,19,partial,0.5905086672350098,0.6248169073027829,-0.03430824006777311
S2_feature_select,19,anti_leakage,0.5220424107142857,0.6441273779983457,-0.12208496728406004
S2_feature_select,20,leaky,0.7991108641289246,0.6023500309214594,0.19676083320746518
S2_feature_select,20,partial,0.6799110864128924,0.5934656741108353,0.08644541230205716
S2_feature_select,20,anti_leakage,0.5251458738538484,0.5061425061425061,0.019003367711342256
S2_feature_select,21,leaky,0.7686651583710408,0.5086348684210527,0.2600302899499881
S2_feature_select,21,partial,0.5171156004489338,0.6342564102564101,-0.11714080980747632
S2_feature_select,21,anti_leakage,0.5303114571746385,0.540280393387738,-0.009968936213099577
S2_feature_select,22,leaky,0.8434214265416311,0.5549428104575163,0.28847861608411485
S2_feature_select,22,partial,0.49902750764101145,0.585995085995086,-0.08696757835407454
S2_feature_select,22,anti_leakage,0.5701583773270353,0.4984436605104794,0.07171471681655595
S2_feature_select,23,leaky,0.7597222222222223,0.5375816993464053,0.22214052287581698
S2_feature_select,23,partial,0.5429285912753543,0.49385749385749383,0.049071097417860476
S2_feature_select,23,anti_leakage,0.6028961292119187,0.5227969740339399,0.08009915517797883
S2_feature_select,24,leaky,0.8074465129202556,0.6255118755118756,0.18193463740838
S2_feature_select,24,partial,0.5402777777777777,0.5954276382935293,-0.05514986051575155
S2_feature_select,24,anti_leakage,0.584377732439522,0.5292792792792793,0.055098453160242644
S2_feature_select,25,leaky,0.7831088664421998,0.5761670761670762,0.2069417902751236
S2_feature_select,25,partial,0.5197963800904977,0.5005153576582148,0.019281022432282913
S2_feature_select,25,anti_leakage,0.5519353940406573,0.5180921052631579,0.033843288777499425
S2_feature_select,26,leaky,0.773611111111111,0.5514209773052545,0.2221901338058565
S2_feature_select,26,partial,0.6154274575327207,0.4909165135741988,0.12451094395852186
S2_feature_select,26,anti_leakage,0.49986107252014444,0.5137085137085137,-0.013847441188369225
S2_feature_select,27,leaky,0.8203323007603492,0.5496323529411765,0.2706999478191727
S2_feature_select,27,partial,0.556843891402715,0.5133700755256174,0.04347381587709753
S2_feature_select,27,anti_leakage,0.46540705751597666,0.5604170926190963,-0.09501003510311967
S2_feature_select,28,leaky,0.8016783216783216,0.5638974358974359,0.23778088578088574
S2_feature_select,28,partial,0.5274971941638608,0.6201883701883701,-0.09269117602450938
S2_feature_select,28,anti_leakage,0.5750492818924247,0.5522388059701493,0.022810475922275364
S2_feature_select,29,leaky,0.7839042049568365,0.5273692810457516,0.2565349239110849
S2_feature_select,29,partial,0.45578420467185765,0.6223676139848702,-0.16658340931301252
S2_feature_select,29,anti_leakage,0.5654348430119478,0.5853608668983848,-0.01992602388643705
S2_feature_select,30,leaky,0.8781108597285067,0.6780427631578947,0.20006809657061198
S2_feature_select,30,partial,0.5395943317588219,0.43826015254586687,0.10133417921295501
S2_feature_select,30,anti_leakage,0.6472727272727273,0.548683404776485,0.0985893224962423
S2_feature_select,31,leaky,0.7747497219132369,0.692590324556032,0.0821593973572049
S2_feature_select,31,partial,0.5719515629400169,0.5598037211204252,0.01214784181959172
S2_feature_select,31,anti_leakage,0.5142299107142857,0.6286186931348221,-0.1143887824205364
S2_feature_select,32,leaky,0.7933815350389322,0.5876225490196079,0.2057589860193243
S2_feature_select,32,partial,0.664055944055944,0.6575342465753424,0.006521697480601607
S2_feature_select,32,anti_leakage,0.5318852687273741,0.6004947433518862,-0.06860947462451217
S2_feature_select,33,leaky,0.7979994442900806,0.6599099099099102,0.13808953438017046
S2_feature_select,33,partial,0.5804390108363434,0.523061224489796,0.057377786346547444
S2_feature_select,33,anti_leakage,0.5765993265993267,0.5865306122448979,-0.00993128564557122
S2_feature_select,34,leaky,0.7922222222222222,0.48869243421052627,0.3035297880116959
S2_feature_select,34,partial,0.5681118881118881,0.5859742383970558,-0.017862350285167694
S2_feature_select,34,anti_leakage,0.5155728587319244,0.6207482993197279,-0.10517544058780348
S2_feature_select,35,leaky,0.8843995510662178,0.6124894869638352,0.2719100641023826
S2_feature_select,35,partial,0.6561531962827373,0.6323529411764706,0.02380025510626671
S2_feature_select,35,anti_leakage,0.6348394430235862,0.5954135954135954,0.039425847609990794
S2_feature_select,36,leaky,0.8284600389863548,0.4114615543186971,0.4169984846676577
S2_feature_select,36,partial,0.5880555555555556,0.5137085137085137,0.07434704184704188
S2_feature_select,36,anti_leakage,0.6924809912700648,0.5257985257985258,0.16668246547153898
S2_feature_select,37,leaky,0.8210614059460961,0.5465864287196514,0.27447497722644476
S2_feature_select,37,partial,0.5939933259176863,0.5634839501124514,0.03050937580523483
S2_feature_select,37,anti_leakage,0.5425714285714286,0.4507219083490269,0.09184952022240167
S2_feature_select,38,leaky,0.7975000000000001,0.5582070969080722,0.23929290309192786
S2_feature_select,38,partial,0.5416666666666667,0.5060240963855421,0.03564257028112461
S2_feature_select,38,anti_leakage,0.5899321266968326,0.6325780771586038,-0.04264595046177122
S2_feature_select,39,leaky,0.8201459034792369,0.573125,0.2470209034792369
S2_feature_select,39,partial,0.6218891402714933,0.5452497952497952,0.07663934502169811
S2_feature_select,39,anti_leakage,0.5398755656108598,0.47556736863627064,0.06430819697458917
S2_feature_select,40,leaky,0.8246735204223395,0.5803225147989386,0.24435100562340095
S2_feature_select,40,partial,0.6669451406293512,0.7238775510204082,-0.05693241039105701
S2_feature_select,40,anti_leakage,0.5099971838918614,0.5296052631578947,-0.01960807926603325
S2_feature_select,41,leaky,0.8498883928571428,0.4777551020408163,0.3721332908163265
S2_feature_select,41,partial,0.576388888888889,0.6111224698425679,-0.034733580953678955
S2_feature_select,41,anti_leakage,0.4765625,0.5493712636569779,-0.07280876365697786
S2_feature_select,42,leaky,0.8785072951739619,0.5380571909167368,0.3404501042572251
S2_feature_select,42,partial,0.5723812170047236,0.5294117647058825,0.04296945229884108
S2_feature_select,42,anti_leakage,0.4581828285634899,0.49046153846153845,-0.03227870989804854
S2_feature_select,43,leaky,0.7894444444444444,0.5314309346567411,0.2580135097877033
S2_feature_select,43,partial,0.5493706293706293,0.4699017199017199,0.07946890946890939
S2_feature_select,43,anti_leakage,0.585928809788654,0.4903825829634327,0.09554622682522135
S2_feature_select,44,leaky,0.7472191323692992,0.6128826530612245,0.13433647930807469
S2_feature_select,44,partial,0.6102506336243312,0.6397223923249642,-0.02947175870063301
S2_feature_select,44,anti_leakage,0.5533199195171026,0.5346938775510204,0.018626041966082196
S2_feature_select,45,leaky,0.8134118967452301,0.5487630341443468,0.2646488626008833
S2_feature_select,45,partial,0.5163636363636364,0.5141865686874872,0.0021770676761491137
S2_feature_select,45,anti_leakage,0.5462937062937063,0.5676062091503267,-0.02131250285662034
S2_feature_select,46,leaky,0.7157953281423803,0.5150082236842105,0.20078710445816983
S2_feature_select,46,partial,0.6595623756749077,0.583947583947584,0.07561479172732377
S2_feature_select,46,anti_leakage,0.5619604566972988,0.5347582485992944,0.027202208098004332
S2_feature_select,47,leaky,0.7618782995276466,0.6174428104575164,0.14443548907013026
S2_feature_select,47,partial,0.7082511968459588,0.6099917763157895,0.09825942053016934
S2_feature_select,47,anti_leakage,0.6122219093213179,0.5988550398691475,0.013366869452170471
S2_feature_select,48,leaky,0.7969966629588432,0.6075246710526315,0.18947199190621167
S2_feature_select,48,partial,0.5865714285714286,0.613673469387755,-0.02710204081632639
S2_feature_select,48,anti_leakage,0.5862068965517242,0.5732838589981447,0.012923037553579486
S2_feature_select,49,leaky,0.7860139860139861,0.554194733619106,0.2318192523948801
S2_feature_select,49,partial,0.6125714285714287,0.532964782964783,0.07960664560664565
S2_feature_select,49,anti_leakage,0.5076410113920533,0.5232820512820513,-0.015641039889997987
S2_feature_select,50,leaky,0.792,0.5388569078947368,0.2531430921052632
S2_feature_select,50,partial,0.7346540178571429,0.5796478296478297,0.15500618820931322
S2_feature_select,50,anti_leakage,0.4335664335664336,0.6336410256410258,-0.20007459207459216
S3_test_peeking,1,leaky,0.8491860114561351,0.8256469350434631,0.023539076412672055
S3_test_peeking,1,partial,0.8784373745483741,0.8565106510651065,0.02192672348326763
S3_test_peeking,1,anti_leakage,0.742543288960064,0.7711338141025641,-0.028590525142500045
S3_test_peeking,2,leaky,0.816350028785262,0.7745340838023765,0.041815944982885433
S3_test_peeking,2,partial,0.804466176025809,0.8463617255529978,-0.04189554952718877
S3_test_peeking,2,anti_leakage,0.7688980020504613,0.7876852964743589,-0.018787294423897594
S3_test_peeking,3,leaky,0.8855788761002031,0.8746243990384616,0.010954477061741574
S3_test_peeking,3,partial,0.8748747996794872,0.8284648694650948,0.046409930214392436
S3_test_peeking,3,anti_leakage,0.7741241779400366,0.7490435347953288,0.025080643144707815
S3_test_peeking,4,leaky,0.7692191890806905,0.7853285328532853,-0.016109343772594764
S3_test_peeking,4,partial,0.7776999824960615,0.7851535153515352,-0.007453532855473677
S3_test_peeking,4,anti_leakage,0.8841080323396161,0.8754218855471386,0.008686146792477478
S3_test_peeking,5,leaky,0.8352585258525853,0.8298778044871795,0.005380721365405794
S3_test_peeking,5,partial,0.8881986021693931,0.920107024080418,-0.03190842191102494
S3_test_peeking,5,anti_leakage,0.7742187303266097,0.8294684177611007,-0.05524968743449099
S3_test_peeking,6,leaky,0.82870126283548,0.8558105810581058,-0.027109318222625856
S3_test_peeking,6,partial,0.8364246201596957,0.8391494684177612,-0.0027248482580655153
S3_test_peeking,6,anti_leakage,0.8298744620712484,0.8040818385933046,0.025792623477943755
S3_test_peeking,7,leaky,0.8161276585084797,0.8729944181622487,-0.05686675965376897
S3_test_peeking,7,partial,0.8619530309112805,0.8612861286128612,0.0006669022984192585
S3_test_peeking,7,anti_leakage,0.7611659260375084,0.7601812219969462,0.0009847040405622787
S3_test_peeking,8,leaky,0.8063951598789969,0.7750975878290461,0.03129757204995076
S3_test_peeking,8,partial,0.8721410856985395,0.8941951108756527,-0.02205402517711319
S3_test_peeking,8,anti_leakage,0.8472211805295131,0.8979581623461115,-0.05073698181659836
S3_test_peeking,9,leaky,0.8593433522542573,0.8864886488648865,-0.027145296610629255
S3_test_peeking,9,partial,0.8280518049049325,0.7698906771940479,0.05816112771088455
S3_test_peeking,9,anti_leakage,0.8296435272045029,0.800295118047219,0.029348409157283872
S3_test_peeking,10,leaky,0.8140000000000001,0.8189566310496542,-0.004956631049654159
S3_test_peeking,10,partial,0.7672025240384616,0.7671154038634772,8.712017498435642e-05
S3_test_peeking,10,anti_leakage,0.7498249299719888,0.7877150860344138,-0.03789015606242496
S3_test_peeking,11,leaky,0.8717293233082707,0.8893513963520775,-0.017622073043806807
S3_test_peeking,11,partial,0.8134813481348133,0.8018716845160644,0.011609663618748933
S3_test_peeking,11,anti_leakage,0.8910006009615384,0.857960796079608,0.03303980488193048
S3_test_peeking,12,leaky,0.7717355828374884,0.7547245375585092,0.01701104527897923
S3_test_peeking,12,partial,0.8715398682331722,0.8377384911605111,0.033801377072661065
S3_test_peeking,12,anti_leakage,0.8248924031628466,0.805825,0.019067403162846608
S3_test_peeking,13,leaky,0.8395138906253908,0.8242296918767508,0.015284198748640065
S3_test_peeking,13,partial,0.7903225806451613,0.7763233782191128,0.013999202426048463
S3_test_peeking,13,anti_leakage,0.7816126450580233,0.7759462912397604,0.005666353818262859
S3_test_peeking,14,leaky,0.80175,0.786953695369537,0.014796304630462997
S3_test_peeking,14,partial,0.8261240251761578,0.8733373337333733,-0.047213308557215505
S3_test_peeking,14,anti_leakage,0.8539542573711765,0.8141581855917581,0.03979607177941835
S3_test_peeking,15,leaky,0.7402912621359224,0.7849946248656217,-0.044703362729699214
S3_test_peeking,15,partial,0.8417510944340213,0.8150626566416039,0.026688437792417363
S3_test_peeking,15,anti_leakage,0.8661846300620122,0.9080882352941176,-0.041903605232105456
S3_test_peeking,16,leaky,0.873549419767907,0.9092727318182955,-0.03572331205038848
S3_test_peeking,16,partial,0.8157012805122048,0.8545968811794449,-0.03889560066724007
S3_test_peeking,16,anti_leakage,0.82685,0.8443649821209771,-0.01751498212097713
S3_test_peeking,17,leaky,0.8697561220393416,0.852716861293791,0.017039260745550622
S3_test_peeking,17,partial,0.8486238532110092,0.8669127061836257,-0.01828885297261651
S3_test_peeking,17,anti_leakage,0.8698707209122053,0.8397307576819137,0.030139963230291555
S3_test_peeking,18,leaky,0.842280701754386,0.7904933543590899,0.05178734739529611
S3_test_peeking,18,partial,0.8601715042876072,0.8629441624365483,-0.0027726581489410096
S3_test_peeking,18,anti_leakage,0.9270708283313325,0.9132124677148372,0.013858360616495258
S3_test_peeking,19,leaky,0.8351335133513351,0.7989787489674851,0.03615476438385001
S3_test_peeking,19,partial,0.7795503988397389,0.8085905233911542,-0.02904012455141536
S3_test_peeking,19,anti_leakage,0.8177767765512753,0.7877944862155388,0.029982290335736517
S3_test_peeking,20,leaky,0.792675,0.77203007518797,0.020644924812030063
S3_test_peeking,20,partial,0.8633616690488727,0.8356270643579221,0.02773460469095057
S3_test_peeking,20,anti_leakage,0.8179696908871938,0.7916697917447937,0.026299899142400163
S3_test_peeking,21,leaky,0.7816256009615384,0.7926170468187275,-0.01099144585718903
S3_test_peeking,21,partial,0.77615,0.7606095485937343,0.015540451406265698
S3_test_peeking,21,anti_leakage,0.8825780312124851,0.8603672436684285,0.022210787544056587
S3_test_peeking,22,leaky,0.7780112044817927,0.7608543417366946,0.01715686274509809
S3_test_peeking,22,partial,0.9007900563607085,0.9028781475832063,-0.0020880912224977566
S3_test_peeking,22,anti_leakage,0.7267669172932331,0.7110039918656323,0.015762925427600716
S3_test_peeking,23,leaky,0.7397434935873397,0.7351933798344958,0.004550113752843865
S3_test_peeking,23,partial,0.8252706317657941,0.8154839355419878,0.009786696223806235
S3_test_peeking,23,anti_leakage,0.864327895105595,0.8496928638236558,0.014635031281939215
S3_test_peeking,24,leaky,0.8036450911272783,0.764370415033665,0.03927467609361335
S3_test_peeking,24,partial,0.8390130143684645,0.811569172235989,0.027443842132475527
S3_test_peeking,24,anti_leakage,0.8250156347717323,0.8419058610999599,-0.016890226328227564
S3_test_peeking,25,leaky,0.7491999199919992,0.7393739373937394,0.009825982598259841
S3_test_peeking,25,partial,0.684375,0.7175999999999999,-0.03322499999999995
S3_test_peeking,25,anti_leakage,0.855866033993623,0.8181454536363408,0.03772058035728221
S3_test_peeking,26,leaky,0.8105679457335236,0.8033807606711509,0.007187185062372703
S3_test_peeking,26,partial,0.7738669480454226,0.7514687867196681,0.02239816132575445
S3_test_peeking,26,anti_leakage,0.8425370148059224,0.8244445001127283,0.01809251469319406
S3_test_peeking,27,leaky,0.852225,0.9074616405096243,-0.05523664050962429
S3_test_peeking,27,partial,0.8045291715724342,0.8191454786369659,-0.014616307064531653
S3_test_peeking,27,anti_leakage,0.872317298212796,0.8310361276392759,0.0412811705735201
S3_test_peeking,28,leaky,0.8494639853380535,0.8578857885788578,-0.008421803240804326
S3_test_peeking,28,partial,0.7683692092302308,0.767361111111111,0.001008098119119727
S3_test_peeking,28,anti_leakage,0.8850715644079673,0.8525641025641026,0.03250746184386466
S3_test_peeking,29,leaky,0.8414710367759195,0.8531919681928433,-0.011720931416923763
S3_test_peeking,29,partial,0.8273077307730772,0.8441138097149737,-0.016806078941896563
S3_test_peeking,29,anti_leakage,0.7448905565978736,0.7713227139832644,-0.02643215738539073
S3_test_peeking,30,leaky,0.8539086929330832,0.836020900522513,0.017887792410570258
S3_test_peeking,30,partial,0.7953422724064926,0.8148398906692745,-0.019497618262781957
S3_test_peeking,30,anti_leakage,0.7906540654065407,0.8176520608243297,-0.026997995417789022
S3_test_peeking,31,leaky,0.889063906390639,0.8708217705442636,0.018242135846375462
S3_test_peeking,31,partial,0.6971905048076924,0.7738940746753248,-0.07670356986763238
S3_test_peeking,31,anti_leakage,0.870958862976679,0.8672470895222801,0.003711773454398881
S3_test_peeking,32,leaky,0.9013080264115889,0.8614938361131255,0.03981419029846345
S3_test_peeking,32,partial,0.8338016860698514,0.8230166086324808,0.01078507743737056
S3_test_peeking,32,anti_leakage,0.7772936698717948,0.8117487980769231,-0.034455128205128305
S3_test_peeking,33,leaky,0.8540664961636829,0.8772736408401166,-0.0232071446764337
S3_test_peeking,33,partial,0.8447517284726588,0.85008500850085,-0.005333280028191223
S3_test_peeking,33,anti_leakage,0.8242604586031858,0.7930800883179446,0.03118037028524112
S3_test_peeking,34,leaky,0.8114052647382645,0.7828571428571429,0.028548121881121546
S3_test_peeking,34,partial,0.9150660264105642,0.8644772658534127,0.05058876055715156
S3_test_peeking,34,anti_leakage,0.753728355519968,0.7692519251925194,-0.015523569672551418
S3_test_peeking,35,leaky,0.9211201690821256,0.9174001354096141,0.0037200336725115024
S3_test_peeking,35,partial,0.802546018407363,0.7907608695652174,0.011785148842145543
S3_test_peeking,35,anti_leakage,0.8236103123202722,0.7914777424284176,0.032132569891854534
S3_test_peeking,36,leaky,0.8134965332532351,0.8008475638807393,0.012648969372495822
S3_test_peeking,36,partial,0.8240854192193243,0.8355751099937146,-0.011489690774390326
S3_test_peeking,36,anti_leakage,0.793004300430043,0.8610356280193237,-0.06803132758928065
S3_test_peeking,37,leaky,0.8346365914786966,0.8513178643838702,-0.016681272905173627
S3_test_peeking,37,partial,0.7508604109727706,0.798293464117706,-0.0474330531449354
S3_test_peeking,37,anti_leakage,0.848266004664109,0.830407162865146,0.01785884179896291
S3_test_peeking,38,leaky,0.7131602641056423,0.7752525252525252,-0.06209226114688293
S3_test_peeking,38,partial,0.754803477041008,0.7947191237061602,-0.03991564666515213
S3_test_peeking,38,anti_leakage,0.8624612461246125,0.8582396627860296,0.004221583338582913
S3_test_peeking,39,leaky,0.8607860786078608,0.837909676772236,0.022876401835624782
S3_test_peeking,39,partial,0.7719271738309285,0.7885847262536283,-0.01665755242269984
S3_test_peeking,39,anti_leakage,0.7947485669945683,0.846712040836753,-0.05196347384218469
S3_test_peeking,40,leaky,0.8319199499687304,0.8390994371482177,-0.007179487179487243
S3_test_peeking,40,partial,0.808368389423077,0.8265109649671176,-0.01814257554404064
S3_test_peeking,40,anti_leakage,0.8687115021998743,0.8802501563477173,-0.011538654147843053
S3_test_peeking,41,leaky,0.8438125250100039,0.8307017543859648,0.013110770624039092
S3_test_peeking,41,partial,0.7731551776495595,0.7931466045906235,-0.019991426941063928
S3_test_peeking,41,anti_leakage,0.826550582095544,0.850931832395247,-0.02438125029970295
S3_test_peeking,42,leaky,0.8209679446888749,0.8219484600879949,-0.00098051539912003
S3_test_peeking,42,partial,0.850725,0.8463560757349782,0.0043689242650217786
S3_test_peeking,42,anti_leakage,0.7608219385057037,0.7649333906317146,-0.004111452126010939
S3_test_peeking,43,leaky,0.8629691680628141,0.8424331898708839,0.020535978191930204
S3_test_peeking,43,partial,0.8597072631869649,0.8751219512195122,-0.015414688032547308
S3_test_peeking,43,anti_leakage,0.8478929327553182,0.8639399624765479,-0.016047029721229733
S3_test_peeking,44,leaky,0.8329081632653061,0.8398746867167919,-0.00696652345148574
S3_test_peeking,44,partial,0.6529500140052455,0.6637543621802114,-0.010804348174965894
S3_test_peeking,44,anti_leakage,0.7807004321173753,0.7445871192210458,0.036113312896329464
S3_test_peeking,45,leaky,0.8457611850665601,0.8581863664790494,-0.012425181412489383
S3_test_peeking,45,partial,0.8038058563176714,0.853035303530353,-0.04922944721268152
S3_test_peeking,45,anti_leakage,0.8254909318323953,0.8491849184918492,-0.02369398665945388
S3_test_peeking,46,leaky,0.814052483974359,0.7723049029236231,0.04174758105073595
S3_test_peeking,46,partial,0.804475,0.8160486383278064,-0.011573638327806335
S3_test_peeking,46,anti_leakage,0.8052727089424336,0.7726214612900805,0.032651247652353166
S3_test_peeking,47,leaky,0.8858943212875796,0.8798742928975488,0.006020028390030796
S3_test_peeking,47,partial,0.7996299629962995,0.7613258286429019,0.038304134353397634
S3_test_peeking,47,anti_leakage,0.8600065724613867,0.8369140625,0.023092509961386676
S3_test_peeking,48,leaky,0.8934444694751069,0.871484335902312,0.021960133572794915
S3_test_peeking,48,partial,0.8924077548467791,0.8583683473389355,0.03403940750784362
S3_test_peeking,48,anti_leakage,0.8847134713471348,0.8753391618932771,0.009374309453857754
S3_test_peeking,49,leaky,0.8452595259525952,0.8494962374059352,-0.004236711453339925
S3_test_peeking,49,partial,0.893875,0.9005725143128578,-0.006697514312857811
S3_test_peeking,49,anti_leakage,0.7807719404186795,0.7730580088317944,0.007713931586885048
S3_test_peeking,50,leaky,0.782592332396628,0.8067028439352828,-0.024110511538654844
S3_test_peeking,50,partial,0.7358933973349333,0.7343859649122807,0.0015074324226526103
S3_test_peeking,50,anti_leakage,0.8222539015606243,0.7837283728372837,0.038525528723340585
S4_group_leakage,1,leaky,0.8060798664612223,0.8043633238605846,0.0017165426006376938
S4_group_leakage,1,partial,0.8092416225749558,0.7948202805376973,0.014421342037258533
S4_group_leakage,1,anti_leakage,0.8125284548153563,0.818086455893833,-0.005558001078476704
S4_group_leakage,2,leaky,0.7827274278887182,0.792570012343146,-0.00984258445442776
S4_group_leakage,2,partial,0.8417957351290685,0.77550063626013,0.06629509886893847
S4_group_leakage,2,anti_leakage,0.8233922750172874,0.8208455165692009,0.0025467584480864947
S4_group_leakage,3,leaky,0.8221421958099175,0.8245963541666667,-0.0024541583567491143
S4_group_leakage,3,partial,0.7912209824291394,0.7951865443425078,-0.003965561913368387
S4_group_leakage,3,anti_leakage,0.7966702435534744,0.8002571273633478,-0.0035868838098733757
S4_group_leakage,4,leaky,0.8265296869415862,0.8260147186739512,0.0005149682676350853
S4_group_leakage,4,partial,0.8352948881684514,0.8213235428425302,0.013971345325921258
S4_group_leakage,4,anti_leakage,0.784134160242663,0.8033754654125026,-0.019241305169839573
S4_group_leakage,5,leaky,0.7862365797852767,0.8188457468457467,-0.03260916706047001
S4_group_leakage,5,partial,0.8439024390243902,0.7988776655443323,0.045024773480057956
S4_group_leakage,5,anti_leakage,0.8183188473886148,0.8354641535164622,-0.01714530612784737
S4_group_leakage,6,leaky,0.822180212221706,0.8296526474880133,-0.0074724352663072535
S4_group_leakage,6,partial,0.8301537035606703,0.8074261920415767,0.02272751151909358
S4_group_leakage,6,anti_leakage,0.8305771850024414,0.8196079865428216,0.010969198459619744
S4_group_leakage,7,leaky,0.7803340231987294,0.812795041187505,-0.03246101798877565
S4_group_leakage,7,partial,0.8512129622491198,0.8037388868590915,0.04747407539002835
S4_group_leakage,7,anti_leakage,0.8390689300411522,0.8036283141445306,0.03544061589662162
S4_group_leakage,8,leaky,0.8177584816588966,0.8423273807197843,-0.02456889906088766
S4_group_leakage,8,partial,0.8426766705143004,0.8211653481353077,0.02151132237899267
S4_group_leakage,8,anti_leakage,0.8174453267545551,0.8440878420748991,-0.026642515320344007
S4_group_leakage,9,leaky,0.7902246655200313,0.8245555599096098,-0.03433089438957848
S4_group_leakage,9,partial,0.8372526041666667,0.8009755918651775,0.036277012301489164
S4_group_leakage,9,anti_leakage,0.8103029363110009,0.8344139043618544,-0.024110968050853443
S4_group_leakage,10,leaky,0.769253394512094,0.8393136335209507,-0.07006023900885672
S4_group_leakage,10,partial,0.818017115102922,0.7772826302238066,0.04073448487911535
S4_group_leakage,10,anti_leakage,0.8107558736021341,0.7942311823007765,0.016524691301357586
S4_group_leakage,11,leaky,0.8217640027322405,0.8067970432340686,0.014966959498171839
S4_group_leakage,11,partial,0.7932555529454755,0.8170310701956272,-0.0237755172501517
S4_group_leakage,11,anti_leakage,0.7885796520443039,0.7890226745354553,-0.00044302249115135695
S4_group_leakage,12,leaky,0.8007288777740372,0.7937724925676731,0.006956385206364102
S4_group_leakage,12,partial,0.8218926553672317,0.8384240652782852,-0.016531409911053507
S4_group_leakage,12,anti_leakage,0.8214465371825779,0.801972240254722,0.01947429692785585
S4_group_leakage,13,leaky,0.7951540557982261,0.834755356613467,-0.039601300815240936
S4_group_leakage,13,partial,0.8512160504530887,0.8425727785398567,0.008643271913231998
S4_group_leakage,13,anti_leakage,0.8084944252827464,0.7482040689491289,0.060290356333617456
S4_group_leakage,14,leaky,0.8188760106232333,0.8324300041992597,-0.01355399357602638
S4_group_leakage,14,partial,0.7964798392550088,0.7892332650273223,0.007246574227686486
S4_group_leakage,14,anti_leakage,0.8253116343490304,0.7714679658056808,0.053843668543349654
S4_group_leakage,15,leaky,0.7966797209381956,0.8289536112665364,-0.032273890328340826
S4_group_leakage,15,partial,0.8552533436213992,0.8243678496843053,0.030885493937093833
S4_group_leakage,15,anti_leakage,0.8187594514431096,0.8016412204446391,0.01711823099847043
S4_group_leakage,16,leaky,0.8046076730287256,0.8446730035896067,-0.04006533056088113
S4_group_leakage,16,partial,0.8334367245657569,0.8225096329406879,0.010927091625068996
S4_group_leakage,16,anti_leakage,0.7939594843462249,0.801826888204523,-0.007867403858298094
S4_group_leakage,17,leaky,0.825281647746818,0.8384089961973226,-0.013127348450504561
S4_group_leakage,17,partial,0.8524754769444659,0.7984364440060642,0.05403903293840173
S4_group_leakage,17,anti_leakage,0.8574122174122175,0.8130412102243089,0.04437100718790865
S4_group_leakage,18,leaky,0.8039855942376951,0.8220458830923948,-0.01806028885469968
S4_group_leakage,18,partial,0.8553293428639689,0.8415688501830115,0.013760492680957359
S4_group_leakage,18,anti_leakage,0.8212025012025013,0.8219359161793373,-0.0007334149768359888
S4_group_leakage,19,leaky,0.8204823914298544,0.830393721864768,-0.009911330434913657
S4_group_leakage,19,partial,0.8371835697513589,0.8217876097162687,0.01539596003509014
S4_group_leakage,19,anti_leakage,0.8171951970443351,0.8644430620608899,-0.04724786501655487
S4_group_leakage,20,leaky,0.8474375590009441,0.8123665364583333,0.03507102254261074
S4_group_leakage,20,partial,0.820596237262904,0.8314338003281585,-0.010837563065254519
S4_group_leakage,20,anti_leakage,0.8408700225779967,0.8127800506526398,0.028089971925356894
S4_group_leakage,21,leaky,0.8088765795765028,0.8197022390684224,-0.010825659491919604
S4_group_leakage,21,partial,0.815116189596799,0.8071992922729629,0.007916897323836047
S4_group_leakage,21,anti_leakage,0.7939796540547479,0.78968804792519,0.004291606129557923
S4_group_leakage,22,leaky,0.8139687987351131,0.7911018659583057,0.022866932776807403
S4_group_leakage,22,partial,0.8364903364903364,0.8363374144650035,0.00015292202533290222
S4_group_leakage,22,anti_leakage,0.776303317535545,0.8172636815920398,-0.040960364056494725
S4_group_leakage,23,leaky,0.8029228248279985,0.8162211975564325,-0.013298372728434038
S4_group_leakage,23,partial,0.8563271604938271,0.8138350992570942,0.04249206123673288
S4_group_leakage,23,anti_leakage,0.8078467295548452,0.8179789174317599,-0.010132187876914722
S4_group_leakage,24,leaky,0.8351359999999999,0.8158508158508159,0.01928518414918401
S4_group_leakage,24,partial,0.8098292306052857,0.8304946393762184,-0.020665408770932703
S4_group_leakage,24,anti_leakage,0.8245360745360745,0.8248113536636863,-0.00027527912761182716
S4_group_leakage,25,leaky,0.845827142949422,0.7949076260956279,0.050919516853794033
S4_group_leakage,25,partial,0.8615254335148869,0.8359583489213119,0.02556708459357493
S4_group_leakage,25,anti_leakage,0.836743527189738,0.8427497013579073,-0.006006174168169287
S4_group_leakage,26,leaky,0.823613177810845,0.8255685077974234,-0.0019553299865784357
S4_group_leakage,26,partial,0.8067234481868629,0.8307003926582047,-0.0239769444713418
S4_group_leakage,26,anti_leakage,0.841174865518048,0.8457188080236203,-0.004543942505572329
S4_group_leakage,27,leaky,0.8456114524662913,0.8075133922887838,0.0380980601775075
S4_group_leakage,27,partial,0.8197993637110016,0.8190633175367288,0.0007360461742728086
S4_group_leakage,27,anti_leakage,0.8193251799809177,0.8356116108689604,-0.016286430888042713
S4_group_leakage,28,leaky,0.8321403980720885,0.7797574785070381,0.05238291956505037
S4_group_leakage,28,partial,0.8675068141734809,0.8264106081390032,0.04109620603447761
S4_group_leakage,28,anti_leakage,0.7809347973957829,0.7913347947874803,-0.010399997391697391
S4_group_leakage,29,leaky,0.84390556222489,0.8170818714021834,0.026823690822706636
S4_group_leakage,29,partial,0.8739572906239572,0.802892089834604,0.07106520078935319
S4_group_leakage,29,anti_leakage,0.822474596533174,0.8255269320843092,-0.0030523355511351546
S4_group_leakage,30,leaky,0.8065623460360304,0.8046146533312496,0.0019476927047807902
S4_group_leakage,30,partial,0.8128187227818224,0.7740235108656162,0.038795211916206274
S4_group_leakage,30,anti_leakage,0.8036585365853659,0.7801874508647799,0.023471085720585982
S4_group_leakage,31,leaky,0.8321257792623431,0.8161752497778125,0.015950529484530573
S4_group_leakage,31,partial,0.8495685649807513,0.8216974289715887,0.027871136009162578
S4_group_leakage,31,anti_leakage,0.8073516443614484,0.7757302526533296,0.03162139170811873
S4_group_leakage,32,leaky,0.8267385611503117,0.8052672670906875,0.021471294059624224
S4_group_leakage,32,partial,0.8450929956470122,0.842349521558857,0.002743474088155229
S4_group_leakage,32,anti_leakage,0.7677391860217345,0.8100167657369304,-0.04227757971519586
S4_group_leakage,33,leaky,0.8002104060195346,0.8047897603166697,-0.004579354297135074
S4_group_leakage,33,partial,0.8224958094907809,0.8212962276736085,0.0011995818171723904
S4_group_leakage,33,anti_leakage,0.7710929500183542,0.817428118908382,-0.046335168890027756
S4_group_leakage,34,leaky,0.7849396979831762,0.7914030803231364,-0.006463382339960244
S4_group_leakage,34,partial,0.8154910096818812,0.8132317752570918,0.002259234424789369
S4_group_leakage,34,anti_leakage,0.7939016019040653,0.7903291420118342,0.0035724598922310946
S4_group_leakage,35,leaky,0.7965930300732063,0.8283763094410331,-0.03178327936782688
S4_group_leakage,35,partial,0.8092088772342517,0.7902899403929649,0.01891893684128687
S4_group_leakage,35,anti_leakage,0.8283046115336479,0.7831428989965575,0.04516171253709034
S4_group_leakage,36,leaky,0.7976861639652336,0.8214263623430446,-0.02374019837781094
S4_group_leakage,36,partial,0.8031744780892716,0.814498843015467,-0.011324364926195485
S4_group_leakage,36,anti_leakage,0.7898736125271723,0.8508946806889194,-0.06102106816174713
S4_group_leakage,37,leaky,0.8287938782816867,0.814327310438355,0.014466567843331668
S4_group_leakage,37,partial,0.8458265958265958,0.79791342545987,0.04791317036672582
S4_group_leakage,37,anti_leakage,0.8272299745586308,0.8119572111631538,0.015272763395477007
S4_group_leakage,38,leaky,0.8522749180643917,0.8147207788799663,0.037554139184425406
S4_group_leakage,38,partial,0.7995793577511029,0.833612812058408,-0.03403345430730509
S4_group_leakage,38,anti_leakage,0.8364185056449222,0.8252821863039079,0.011136319341014222
S4_group_leakage,39,leaky,0.8277351938679169,0.8201219412949997,0.0076132525729172285
S4_group_leakage,39,partial,0.8110704995225394,0.8331048433777517,-0.0220343438552123
S4_group_leakage,39,anti_leakage,0.7675492610837438,0.7941999506903352,-0.02665068960659145
S4_group_leakage,40,leaky,0.8090818411184543,0.8275571029171283,-0.01847526179867398
S4_group_leakage,40,partial,0.7877260484801846,0.845949583721596,-0.05822353524141144
S4_group_leakage,40,anti_leakage,0.8077372244038911,0.8320534386503816,-0.024316214246490553
S4_group_leakage,41,leaky,0.8175582990397805,0.7911353205027903,0.02642297853699016
S4_group_leakage,41,partial,0.8332627770935961,0.7993624705188679,0.0339003065747282
S4_group_leakage,41,anti_leakage,0.8109534488091557,0.8046827315119996,0.006270717297156003
S4_group_leakage,42,leaky,0.7968226486477822,0.8105424836601306,-0.013719835012348414
S4_group_leakage,42,partial,0.8193790067197034,0.7832390491205293,0.0361399575991741
S4_group_leakage,42,anti_leakage,0.7680257288100424,0.8302636793171773,-0.062237950507134876
S4_group_leakage,43,leaky,0.8235568644490577,0.8335519789055974,-0.009995114456539667
S4_group_leakage,43,partial,0.8274430151207403,0.8443104288499025,-0.01686741372916223
S4_group_leakage,43,anti_leakage,0.8161285754743698,0.7969494524267106,0.01917912304765923
S4_group_leakage,44,leaky,0.834340616767395,0.8275920644720808,0.006748552295314236
S4_group_leakage,44,partial,0.8785699062233588,0.8343010355029584,0.04426887072040042
S4_group_leakage,44,anti_leakage,0.7788448479909977,0.7666544878821093,0.01219036010888841
S4_group_leakage,45,leaky,0.7943455430327869,0.81811990876507,-0.023774365732283087
S4_group_leakage,45,partial,0.8514981995884775,0.8492162168751066,0.002281982713370878
S4_group_leakage,45,anti_leakage,0.8115079365079366,0.8447063840155945,-0.03319844750765788
S4_group_leakage,46,leaky,0.8213959744439641,0.8219908765070056,-0.0005949020630415802
S4_group_leakage,46,partial,0.8720987654320987,0.7428156713505075,0.12928309408159122
S4_group_leakage,46,anti_leakage,0.8353378048467094,0.84392258382643,-0.008584778979720653
S4_group_leakage,47,leaky,0.7951727487683677,0.8264923482314787,-0.031319599463110914
S4_group_leakage,47,partial,0.7927910463192721,0.8143723165495707,-0.021581270230298544
S4_group_leakage,47,anti_leakage,0.8489193842674684,0.8214103032517355,0.027509081015732906
S4_group_leakage,48,leaky,0.791888226877656,0.7780624515318393,0.013825775345816749
S4_group_leakage,48,partial,0.8338143986042693,0.7590470224056604,0.07476737619860896
S4_group_leakage,48,anti_leakage,0.8220823356762184,0.8482756521474447,-0.026193316471226358
S4_group_leakage,49,leaky,0.8271142686465267,0.8039441644855918,0.0231701041609349
S4_group_leakage,49,partial,0.8277928802588996,0.8374245080849406,-0.00963162782604099
S4_group_leakage,49,anti_leakage,0.8020474089487442,0.8135142671251975,-0.01146685817645332
S4_group_leakage,50,leaky,0.8435107376283847,0.8152525252525252,0.02825821237585946
S4_group_leakage,50,partial,0.8442297452478557,0.7734972075249852,0.07073253772287047
S4_group_leakage,50,anti_leakage,0.7846956253969477,0.8243601918815594,-0.039664566484611696
S5_temporal_leakage,1,leaky,0.695557744839013,0.6726817329495901,0.022876011889422898
S5_temporal_leakage,1,partial,0.7367185761957731,0.6514880570409983,0.08523051915477475
S5_temporal_leakage,1,anti_leakage,0.6481311480303912,0.6978036275460163,-0.049672479515625145
S5_temporal_leakage,2,leaky,0.6781453322069568,0.690628767037554,-0.012483434830597218
S5_temporal_leakage,2,partial,0.7279294576760952,0.7154837783519955,0.012445679324099679
S5_temporal_leakage,2,anti_leakage,0.6861708259425771,0.7088662931451891,-0.022695467202612063
S5_temporal_leakage,3,leaky,0.6599611003056405,0.7307757203661976,-0.07081462006055717
S5_temporal_leakage,3,partial,0.7582291856717144,0.7105468184803053,0.04768236719140906
S5_temporal_leakage,3,anti_leakage,0.6705813270698767,0.6365442675405775,0.03403705952929925
S5_temporal_leakage,4,leaky,0.6962730520782955,0.6926054658215769,0.0036675862567185913
S5_temporal_leakage,4,partial,0.7488537226364942,0.6879458110516934,0.0609079115848008
S5_temporal_leakage,4,anti_leakage,0.7046607341490545,0.6749425996367499,0.02971813451230465
S5_temporal_leakage,5,leaky,0.6934812657261546,0.7190877233109241,-0.025606457584769426
S5_temporal_leakage,5,partial,0.7401659421981597,0.6718954941890454,0.0682704480091143
S5_temporal_leakage,5,anti_leakage,0.7015251531380563,0.6987517588338047,0.0027733943042516085
S5_temporal_leakage,6,leaky,0.6818655308295986,0.7224090575589214,-0.04054352672932282
S5_temporal_leakage,6,partial,0.7394513360899916,0.685088940321168,0.054362395768823624
S5_temporal_leakage,6,anti_leakage,0.6942775585844094,0.718182241620705,-0.02390468303629556
S5_temporal_leakage,7,leaky,0.6786837226548017,0.6573384709160571,0.021345251738744575
S5_temporal_leakage,7,partial,0.7555558026448438,0.6842076389129504,0.07134816373189334
S5_temporal_leakage,7,anti_leakage,0.6881329014111683,0.7166237637921741,-0.028490862381005733
S5_temporal_leakage,8,leaky,0.6645601308425771,0.6860458469101927,-0.021485716067615512
S5_temporal_leakage,8,partial,0.7139693228582118,0.6911933006902705,0.02277602216794128
S5_temporal_leakage,8,anti_leakage,0.673036093418259,0.6873482385165394,-0.014312145098280382
S5_temporal_leakage,9,leaky,0.6910862705009112,0.679584965299251,0.01150130520166015
S5_temporal_leakage,9,partial,0.7256328160733609,0.697262200165426,0.028370615907934993
S5_temporal_leakage,9,anti_leakage,0.6693464643419421,0.7148072954524568,-0.04546083111051469
S5_temporal_leakage,10,leaky,0.6750676269884561,0.6845988888071436,-0.009531261818687464
S5_temporal_leakage,10,partial,0.7270828921016746,0.7414409868236613,-0.01435809472198668
S5_temporal_leakage,10,anti_leakage,0.733552790103686,0.657890828685522,0.07566196141816406
S5_temporal_leakage,11,leaky,0.7009381923071204,0.7198845598845599,-0.018946367577439505
S5_temporal_leakage,11,partial,0.7325239852120967,0.6980651801217964,0.034458805090300304
S5_temporal_leakage,11,anti_leakage,0.6741123145617527,0.694519988360641,-0.020407673798888304
S5_temporal_leakage,12,leaky,0.7046281265031263,0.6729054159577178,0.03172271054540854
S5_temporal_leakage,12,partial,0.7287517780938835,0.6790044304161632,0.049747347677720266
S5_temporal_leakage,12,anti_leakage,0.6712589857878228,0.7062499999999999,-0.034991014212177096
S5_temporal_leakage,13,leaky,0.7153429041290723,0.6945613675213674,0.020781536607704876
S5_temporal_leakage,13,partial,0.7590871679760568,0.6376248487110748,0.12146231926498197
S5_temporal_leakage,13,anti_leakage,0.689787300594307,0.6758294656471557,0.013957834947151304
S5_temporal_leakage,14,leaky,0.7101057116980684,0.6664922379208094,0.04361347377725899
S5_temporal_leakage,14,partial,0.7611704760735009,0.6838390179256469,0.07733145814785392
S5_temporal_leakage,14,anti_leakage,0.6748153013250807,0.6998308039376537,-0.025015502612573015
S5_temporal_leakage,15,leaky,0.7046245242736471,0.6890589826884556,0.015565541585191522
S5_temporal_leakage,15,partial,0.7461749574995279,0.6377361879344553,0.10843876956507259
S5_temporal_leakage,15,anti_leakage,0.6605989212897108,0.6882621273765185,-0.027663206086807723
S5_temporal_leakage,16,leaky,0.6806678705084924,0.6769713078443399,0.003696562664152525
S5_temporal_leakage,16,partial,0.7518003971491695,0.6836938449841675,0.06810655216500194
S5_temporal_leakage,16,anti_leakage,0.7042051282051283,0.689523856727465,0.014681271477663294
S5_temporal_leakage,17,leaky,0.6925786806543385,0.6989863687832071,-0.006407688128868605
S5_temporal_leakage,17,partial,0.7228273567796705,0.6730080420707667,0.04981931470890377
S5_temporal_leakage,17,anti_leakage,0.6836118642310028,0.7147458545818824,-0.031133990350879603
S5_temporal_leakage,18,leaky,0.700621936377137,0.7104261671205013,-0.00980423074336434
S5_temporal_leakage,18,partial,0.7250636684126824,0.6829911580512856,0.04207251036139681
S5_temporal_leakage,18,anti_leakage,0.6951448241781691,0.6851347638198487,0.010010060358320416
S5_temporal_leakage,19,leaky,0.7048165954415954,0.6920895420834183,0.012727053358177032
S5_temporal_leakage,19,partial,0.7441220238095237,0.7162701987057959,0.027851825103727856
S5_temporal_leakage,19,anti_leakage,0.7223305949103231,0.681566882416397,0.040763712493926185
S5_temporal_leakage,20,leaky,0.7079396208474474,0.684421768707483,0.02351785213996449
S5_temporal_leakage,20,partial,0.7295090531846612,0.6879165166933893,0.041592536491271925
S5_temporal_leakage,20,anti_leakage,0.6914479638009049,0.7357480738369504,-0.044300110036045504
S5_temporal_leakage,21,leaky,0.6735558617420034,0.6974440380434931,-0.02388817630148965
S5_temporal_leakage,21,partial,0.7236124333227556,0.6916630724483815,0.031949360874374055
S5_temporal_leakage,21,anti_leakage,0.6843562751832524,0.7182059093048023,-0.033849634121549954
S5_temporal_leakage,22,leaky,0.6758138672599184,0.6888434539630613,-0.013029586703142915
S5_temporal_leakage,22,partial,0.7512102683499285,0.6730646669811868,0.07814560136874171
S5_temporal_leakage,22,anti_leakage,0.7036369769829882,0.7094884898284489,-0.005851512845460705
S5_temporal_leakage,23,leaky,0.6993564763638123,0.6553231260541755,0.04403335030963673
S5_temporal_leakage,23,partial,0.696617809929141,0.6777856957028291,0.018832114226311925
S5_temporal_leakage,23,anti_leakage,0.6907364992685028,0.6910990566559393,-0.0003625573874365129
S5_temporal_leakage,24,leaky,0.7110463737176067,0.6672829204978021,0.04376345321980457
S5_temporal_leakage,24,partial,0.7124990220294846,0.7038070628768303,0.008691959152654305
S5_temporal_leakage,24,anti_leakage,0.7066386501398964,0.7171485377946135,-0.010509887654717165
S5_temporal_leakage,25,leaky,0.680065083318508,0.6780034145026508,0.0020616688158572316
S5_temporal_leakage,25,partial,0.7204083222940856,0.6989424449201677,0.02146587737391792
S5_temporal_leakage,25,anti_leakage,0.6926083155523944,0.7038919228694714,-0.011283607317077005
S5_temporal_leakage,26,leaky,0.7186679273032883,0.6919079253793542,0.02676000192393413
S5_temporal_leakage,26,partial,0.7078276145706556,0.7214210849687376,-0.013593470398082008
S5_temporal_leakage,26,anti_leakage,0.6686407697495075,0.6602696158155336,0.008371153933973918
S5_temporal_leakage,27,leaky,0.6760334469153516,0.6829484999127856,-0.006915052997434001
S5_temporal_leakage,27,partial,0.7267891185972443,0.7240647892442942,0.0027243293529500834
S5_temporal_leakage,27,anti_leakage,0.7290927738927739,0.7128329178288451,0.01625985606392888
S5_temporal_leakage,28,leaky,0.6611904761904762,0.6858061002178649,-0.024615624027388705
S5_temporal_leakage,28,partial,0.7525684931506849,0.6691558513959505,0.0834126417547344
S5_temporal_leakage,28,anti_leakage,0.7167396517568555,0.7007833333333333,0.015956318423522187
S5_temporal_leakage,29,leaky,0.6511882930443642,0.6573223489925573,-0.006134055948193051
S5_temporal_leakage,29,partial,0.7159766601833842,0.7146820796392519,0.00129458054413234
S5_temporal_leakage,29,anti_leakage,0.6944111111111111,0.6924091520105967,0.002001959100514372
S5_temporal_leakage,30,leaky,0.6674815176970829,0.7029703782046552,-0.035488860507572384
S5_temporal_leakage,30,partial,0.7262947406050314,0.7158056459298695,0.010489094675161903
S5_temporal_leakage,30,anti_leakage,0.6666215728715729,0.6965221228064297,-0.0299005499348568
S5_temporal_leakage,31,leaky,0.7001075268817204,0.7029922433468411,-0.0028847164651206736
S5_temporal_leakage,31,partial,0.7680222222222222,0.6835669208812772,0.08445530134094492
S5_temporal_leakage,31,anti_leakage,0.6950073372091721,0.6389945512491004,0.05601278596007164
S5_temporal_leakage,32,leaky,0.6977645714624882,0.6950557823129251,0.0027087891495630734
S5_temporal_leakage,32,partial,0.7316658929562155,0.6980797373331379,0.03358615562307765
S5_temporal_leakage,32,anti_leakage,0.7204863449307893,0.7132686193126171,0.007217725618172244
S5_temporal_leakage,33,leaky,0.688003793266951,0.6885424832331678,-0.0005386899662167544
S5_temporal_leakage,33,partial,0.7145047669392239,0.6854409395010589,0.029063827438165046
S5_temporal_leakage,33,anti_leakage,0.6479643838211614,0.6800864895026852,-0.03212210568152385
S5_temporal_leakage,34,leaky,0.7102261772339636,0.7173080902131183,-0.007081912979154614
S5_temporal_leakage,34,partial,0.7527807840307842,0.6831815231620518,0.06959926086873236
S5_temporal_leakage,34,anti_leakage,0.73471659652567,0.7297513319018695,0.004965264623800536
S5_temporal_leakage,35,leaky,0.6875194522253345,0.6685185185185185,0.019000933706815992
S5_temporal_leakage,35,partial,0.6997884973682553,0.6732691403387903,0.026519357029465063
S5_temporal_leakage,35,anti_leakage,0.7200614239598279,0.701343297783083,0.018718126176744843
S5_temporal_leakage,36,leaky,0.6576879659330956,0.6713924229919622,-0.013704457058866581
S5_temporal_leakage,36,partial,0.774796312018708,0.7521329902491874,0.022663321769520572
S5_temporal_leakage,36,anti_leakage,0.6770027852260632,0.6495664819791425,0.0274363032469207
S5_temporal_leakage,37,leaky,0.7102195054181717,0.6713255977496484,0.0388939076685233
S5_temporal_leakage,37,partial,0.745744787434182,0.7278137664294496,0.017931021004732428
S5_temporal_leakage,37,anti_leakage,0.709760630808223,0.7057505938711928,0.004010036937030281
S5_temporal_leakage,38,leaky,0.6653366675928498,0.6539799451267311,0.01135672246611874
S5_temporal_leakage,38,partial,0.6911580046893578,0.6595492289442467,0.03160877574511112
S5_temporal_leakage,38,anti_leakage,0.719034379571009,0.6874246339362619,0.031609745634747166
S5_temporal_leakage,39,leaky,0.6534016681740528,0.6803837679831594,-0.026982099809106597
S5_temporal_leakage,39,partial,0.7284049773755656,0.6947278342699135,0.033677143105652174
S5_temporal_leakage,39,anti_leakage,0.6610317680837271,0.6735155969075871,-0.01248382882386001
S5_temporal_leakage,40,leaky,0.6627058230699688,0.7081617647058823,-0.04545594163591349
S5_temporal_leakage,40,partial,0.7392072774528916,0.7099595178556696,0.029247759597222034
S5_temporal_leakage,40,anti_leakage,0.6627564649048026,0.6711206553726239,-0.00836419046782133
S5_temporal_leakage,41,leaky,0.6845240082036218,0.6566013071895426,0.027922701014079232
S5_temporal_leakage,41,partial,0.7331319459152166,0.7153797865662271,0.017752159348989438
S5_temporal_leakage,41,anti_leakage,0.6635021097046413,0.67058310501156,-0.007080995306918747
S5_temporal_leakage,42,leaky,0.668393917981733,0.6553355766822394,0.01305834129949357
S5_temporal_leakage,42,partial,0.7567061111049268,0.6936310283377397,0.0630750827671871
S5_temporal_leakage,42,anti_leakage,0.72755668328585,0.6782117647058824,0.04934491857996759
S5_temporal_leakage,43,leaky,0.688251241483921,0.6288945517113703,0.05935668977255071
S5_temporal_leakage,43,partial,0.7374270247715277,0.6948135851144775,0.04261343965705011
S5_temporal_leakage,43,anti_leakage,0.7048979912291524,0.6351166563330756,0.06978133489607685
S5_temporal_leakage,44,leaky,0.7019280682239525,0.6988185591825707,0.0031095090413817417
S5_temporal_leakage,44,partial,0.7138197320710634,0.6847684153928872,0.029051316678176176
S5_temporal_leakage,44,anti_leakage,0.6433775522317189,0.6997721818563861,-0.056394629624667236
S5_temporal_leakage,45,leaky,0.7075652093195952,0.7118072564579864,-0.0042420471383911584
S5_temporal_leakage,45,partial,0.7382084135766048,0.6718860849295631,0.06632232864704168
S5_temporal_leakage,45,anti_leakage,0.6532006766381766,0.691647838029417,-0.03844716139124038
S5_temporal_leakage,46,leaky,0.643601796953219,0.6606817569168184,-0.017079959963599456
S5_temporal_leakage,46,partial,0.7574824905461913,0.7105511075864822,0.04693138295970911
S5_temporal_leakage,46,anti_leakage,0.7010886644219978,0.6750602747406784,0.026028389681319375
S5_temporal_leakage,47,leaky,0.6529268801813086,0.6892421383390923,-0.03631525815778369
S5_temporal_leakage,47,partial,0.7833205768913301,0.6966775707110758,0.08664300618025422
S5_temporal_leakage,47,anti_leakage,0.7057904019307527,0.7100864009414455,-0.004295999010692775
S5_temporal_leakage,48,leaky,0.7010478573662811,0.6741451944743804,0.026902662891900686
S5_temporal_leakage,48,partial,0.7574558609307299,0.6988840467101336,0.05857181422059632
S5_temporal_leakage,48,anti_leakage,0.6819038730059964,0.6935958079435146,-0.011691934937518189
S5_temporal_leakage,49,leaky,0.6936951980199857,0.6705364807455494,0.023158717274436302
S5_temporal_leakage,49,partial,0.7926074074074075,0.6862698627663416,0.10633754464106593
S5_temporal_leakage,49,anti_leakage,0.6943355776638863,0.6741282505910166,0.020207327072869763
S5_temporal_leakage,50,leaky,0.7030976124037901,0.7285855394737916,-0.02548792707000147
S5_temporal_leakage,50,partial,0.7302535495430386,0.6774457886775721,0.05280776086546646
S5_temporal_leakage,50,anti_leakage,0.7426350306904986,0.6918278665545277,0.05080716413597097
S6_duplicate_leakage,1,leaky,0.7450730292116847,0.7937891654853538,-0.04871613627366911
S6_duplicate_leakage,1,partial,0.7200096669083393,0.7545626629522483,-0.034552996043908935
S6_duplicate_leakage,1,anti_leakage,0.7071030594201448,0.7488144510542402,-0.04171139163409532
S6_duplicate_leakage,2,leaky,0.7535812533548042,0.7216337613449526,0.031947492009851586
S6_duplicate_leakage,2,partial,0.7901401740264299,0.7562696895685109,0.03387048445791896
S6_duplicate_leakage,2,anti_leakage,0.7390212038991054,0.7467735110546916,-0.007752307155586169
S6_duplicate_leakage,3,leaky,0.7564307877089381,0.7523324851569125,0.00409830255202559
S6_duplicate_leakage,3,partial,0.7255608974358975,0.7974828425848589,-0.07192194514896144
S6_duplicate_leakage,3,anti_leakage,0.6878255289715577,0.7530020101565805,-0.06517648118502284
S6_duplicate_leakage,4,leaky,0.7758513983674562,0.7483023872679045,0.027549011099551657
S6_duplicate_leakage,4,partial,0.760687608376684,0.6995167163190995,0.061170892057584525
S6_duplicate_leakage,4,anti_leakage,0.7674073332666067,0.7804269659939762,-0.013019632727369501
S6_duplicate_leakage,5,leaky,0.7295569096516964,0.7475841563130509,-0.018027246661354468
S6_duplicate_leakage,5,partial,0.7433987813134731,0.7783772347402942,-0.03497845342682104
S6_duplicate_leakage,5,anti_leakage,0.7603166666666666,0.7562666666666668,0.004049999999999887
S6_duplicate_leakage,6,leaky,0.7433185829645742,0.7501355371900825,-0.00681695422550832
S6_duplicate_leakage,6,partial,0.727972797279728,0.7281798811556227,-0.00020708387589474242
S6_duplicate_leakage,6,anti_leakage,0.7169282370904358,0.7265072801809443,-0.009579043090508499
S6_duplicate_leakage,7,leaky,0.7531957473420888,0.7248982435715957,0.028297503770493115
S6_duplicate_leakage,7,partial,0.7197144096353384,0.7442875277689621,-0.024573118133623728
S6_duplicate_leakage,7,anti_leakage,0.722795962424879,0.7019226106239556,0.020873351800923423
S6_duplicate_leakage,8,leaky,0.7729276565247464,0.7437830687830688,0.029144587741677608
S6_duplicate_leakage,8,partial,0.7370517596273239,0.7382312925170068,-0.001179532889682866
S6_duplicate_leakage,8,anti_leakage,0.7211956023438608,0.7890639121444978,-0.06786830980063696
S6_duplicate_leakage,9,leaky,0.765699574546336,0.766630465494102,-0.0009308909477659943
S6_duplicate_leakage,9,partial,0.7408583333333333,0.7474506898133447,-0.006592356480011441
S6_duplicate_leakage,9,anti_leakage,0.7382645566239315,0.7378834409968583,0.0003811156270732141
S6_duplicate_leakage,10,leaky,0.7661898092570363,0.75434248657054,0.011847322686496242
S6_duplicate_leakage,10,partial,0.7349592681623932,0.7373541027539758,-0.0023948345915826286
S6_duplicate_leakage,10,anti_leakage,0.7251548265026297,0.7699727443276343,-0.04481791782500455
S6_duplicate_leakage,11,leaky,0.7294682367059176,0.707720588235294,0.021747648470623604
S6_duplicate_leakage,11,partial,0.7230757681913723,0.733179780437008,-0.01010401224563573
S6_duplicate_leakage,11,anti_leakage,0.7944504832444365,0.70859672704205,0.08585375620238644
S6_duplicate_leakage,12,leaky,0.7344949076514943,0.7960046371598719,-0.06150972950837763
S6_duplicate_leakage,12,partial,0.7911833333333332,0.7021903086885036,0.08899302464482961
S6_duplicate_leakage,12,anti_leakage,0.7406349206349206,0.7479944161718971,-0.007359495536976457
S6_duplicate_leakage,13,leaky,0.7594079633104025,0.7306640556084826,0.028743907701919924
S6_duplicate_leakage,13,partial,0.7168838763575606,0.7251778698099182,-0.008293993452357595
S6_duplicate_leakage,13,anti_leakage,0.7497162126068376,0.7270686664626057,0.022647546144231923
S6_duplicate_leakage,14,leaky,0.7244014433694176,0.7326058201058201,-0.008204376736402508
S6_duplicate_leakage,14,partial,0.7304044560417502,0.732323966942149,-0.0019195109003987687
S6_duplicate_leakage,14,anti_leakage,0.7449976149230499,0.7627144120247569,-0.017716797101706927
S6_duplicate_leakage,15,leaky,0.7606510651065106,0.7448996685004937,0.015751396606016876
S6_duplicate_leakage,15,partial,0.7785181659527209,0.7232170034806314,0.05530116247208949
S6_duplicate_leakage,15,anti_leakage,0.7892127403846154,0.7149568535159035,0.07425588686871187
S6_duplicate_leakage,16,leaky,0.791869918699187,0.7329637910277951,0.05890612767139192
S6_duplicate_leakage,16,partial,0.7065721821581197,0.7620335985853227,-0.055461416427203036
S6_duplicate_leakage,16,anti_leakage,0.7471485903565199,0.7407039611607636,0.00644462919575628
S6_duplicate_leakage,17,leaky,0.7292584802350429,0.7360405643738978,-0.006782084138854838
S6_duplicate_leakage,17,partial,0.7856599546962896,0.7480106100795756,0.03764934461671399
S6_duplicate_leakage,17,anti_leakage,0.7234441602728047,0.7120820692183022,0.011362091054502477
S6_duplicate_leakage,18,leaky,0.7381453634085213,0.7450985595315492,-0.006953196123027916
S6_duplicate_leakage,18,partial,0.7335251198665832,0.7569234159779614,-0.023398296111378225
S6_duplicate_leakage,18,anti_leakage,0.7244647859143658,0.7248889418262507,-0.00042415591188493806
S6_duplicate_leakage,19,leaky,0.68541687602586,0.7399514991181656,-0.05453462309230561
S6_duplicate_leakage,19,partial,0.7216957148691789,0.7397034451144258,-0.018007730245246822
S6_duplicate_leakage,19,anti_leakage,0.6753002158387292,0.7420748515691264,-0.06677463573039721
S6_duplicate_leakage,20,leaky,0.675903594278632,0.780300219112242,-0.10439662483361001
S6_duplicate_leakage,20,partial,0.7232639930659732,0.7741659613485682,-0.05090196828259497
S6_duplicate_leakage,20,anti_leakage,0.7484628237259816,0.729287282009159,0.019175541716822564
S6_duplicate_leakage,21,leaky,0.6874582665598291,0.7214900673935288,-0.03403180083369972
S6_duplicate_leakage,21,partial,0.7395321637426902,0.7681476569407604,-0.02861549319807022
S6_duplicate_leakage,21,anti_leakage,0.6979864088868828,0.7137943351545859,-0.01580792626770311
S6_duplicate_leakage,22,leaky,0.7602675741500683,0.7433657258260528,0.016901848324015534
S6_duplicate_leakage,22,partial,0.7815951022586995,0.7703948767006802,0.011200225558019361
S6_duplicate_leakage,22,anti_leakage,0.6703084243772762,0.6944278936334548,-0.024119469256178583
S6_duplicate_leakage,23,leaky,0.7428552350427351,0.7462691831219388,-0.003413948079203699
S6_duplicate_leakage,23,partial,0.7037263701890385,0.7401260791501789,-0.03639970896114042
S6_duplicate_leakage,23,anti_leakage,0.7133875338753387,0.7150344474052862,-0.0016469135299475024
S6_duplicate_leakage,24,leaky,0.7284588500184831,0.7556363636363637,-0.027177513617880567
S6_duplicate_leakage,24,partial,0.7883902217513056,0.7239890848138271,0.06440113693747851
S6_duplicate_leakage,24,anti_leakage,0.6967104440275174,0.7084210108389248,-0.011710566811407475
S6_duplicate_leakage,25,leaky,0.7344611528822055,0.7327550107333501,0.0017061421488553385
S6_duplicate_leakage,25,partial,0.7650941273531839,0.7268175066009,0.038276620752283885
S6_duplicate_leakage,25,anti_leakage,0.7062087318922448,0.7345603001213726,-0.028351568229127877
S6_duplicate_leakage,26,leaky,0.7403787878787879,0.7194452164476384,0.02093357143114949
S6_duplicate_leakage,26,partial,0.7864619971192175,0.7291151406137718,0.05734685650544569
S6_duplicate_leakage,26,anti_leakage,0.7756660657051282,0.754690499834492,0.020975565870636204
S6_duplicate_leakage,27,leaky,0.7240016014412971,0.7159235163440177,0.008078085097279364
S6_duplicate_leakage,27,partial,0.7149689503205128,0.7731432454375375,-0.058174295117024766
S6_duplicate_leakage,27,anti_leakage,0.7653745993589743,0.7424561403508773,0.02291845900809708
S6_duplicate_leakage,28,leaky,0.7543297894517407,0.7142459691842982,0.040083820267442505
S6_duplicate_leakage,28,partial,0.7161179029475736,0.7144784351069317,0.0016394678406419505
S6_duplicate_leakage,28,anti_leakage,0.7654543482432646,0.7370689465023844,0.028385401740880223
S6_duplicate_leakage,29,leaky,0.7407751937984496,0.7714638447971783,-0.03068865099872875
S6_duplicate_leakage,29,partial,0.754002183387918,0.7371629573795638,0.01683922600835419
S6_duplicate_leakage,29,anti_leakage,0.7448621047043656,0.7499459340174335,-0.005083829313067834
S6_duplicate_leakage,30,leaky,0.7014675366884173,0.7595923261390887,-0.058124789450671344
S6_duplicate_leakage,30,partial,0.7368921180319047,0.7153616585434768,0.02153045948842791
S6_duplicate_leakage,30,anti_leakage,0.7084010569044702,0.7318529099269487,-0.02345185302247854
S6_duplicate_leakage,31,leaky,0.7109815500617221,0.7835178839954667,-0.07253633393374459
S6_duplicate_leakage,31,partial,0.7292395906257293,0.7466482230261757,-0.017408632400446433
S6_duplicate_leakage,31,anti_leakage,0.7348729907971614,0.7749999999999999,-0.040127009202838515
S6_duplicate_leakage,32,leaky,0.7398540754638315,0.7190975953862552,0.020756480077576356
S6_duplicate_leakage,32,partial,0.7056573180309593,0.7436433206376075,-0.037986002606648195
S6_duplicate_leakage,32,anti_leakage,0.747373879298809,0.7409541216359399,0.006419757662869174
S6_duplicate_leakage,33,leaky,0.7087924011752135,0.7350183179251147,-0.026225916749901268
S6_duplicate_leakage,33,partial,0.7388534500729623,0.7834727664231002,-0.04461931635013783
S6_duplicate_leakage,33,anti_leakage,0.7745007296226808,0.7565441906653426,0.017956538957338175
S6_duplicate_leakage,34,leaky,0.7237811045078028,0.7095191320661215,0.014261972441681259
S6_duplicate_leakage,34,partial,0.771036348605927,0.7350220351768769,0.03601431342905004
S6_duplicate_leakage,34,anti_leakage,0.7395181227739367,0.7215423465423466,0.01797577623159008
S6_duplicate_leakage,35,leaky,0.7455848092387084,0.7708577777777778,-0.02527296853906935
S6_duplicate_leakage,35,partial,0.7698129934430616,0.7521964644860802,0.017616528956981403
S6_duplicate_leakage,35,anti_leakage,0.704229347617498,0.7317299903055736,-0.027500642688075616
S6_duplicate_leakage,36,leaky,0.7245854602475562,0.7015211640211639,0.023064296226392278
S6_duplicate_leakage,36,partial,0.7518433256597605,0.7279057358433988,0.023937589816361737
S6_duplicate_leakage,36,anti_leakage,0.7179300230463022,0.7145043150017418,0.003425708044560327
S6_duplicate_leakage,37,leaky,0.7474186854671366,0.743915343915344,0.0035033415517926603
S6_duplicate_leakage,37,partial,0.7299415204678364,0.7602586697999003,-0.030317149332063864
S6_duplicate_leakage,37,anti_leakage,0.7778111119444654,0.7115290507743787,0.06628206117008673
S6_duplicate_leakage,38,leaky,0.7469056764831413,0.735625344352617,0.011280332130524373
S6_duplicate_leakage,38,partial,0.7494632313472893,0.765891698405981,-0.01642846705869172
S6_duplicate_leakage,38,anti_leakage,0.7509610173024807,0.7462573029583339,0.004703714344146737
S6_duplicate_leakage,39,leaky,0.7443166666666666,0.7030763059643927,0.04124036070227388
S6_duplicate_leakage,39,partial,0.7170033290781207,0.7412385067021159,-0.024235177623995185
S6_duplicate_leakage,39,anti_leakage,0.75594508764472,0.7275555555555556,0.028389532089164393
S6_duplicate_leakage,40,leaky,0.7107511021108861,0.7358686836630347,-0.025117581552148605
S6_duplicate_leakage,40,partial,0.7182226234358936,0.7635492749020852,-0.045326651466191636
S6_duplicate_leakage,40,anti_leakage,0.8035366088390115,0.7954628710140131,0.008073737824998317
S6_duplicate_leakage,41,leaky,0.7342377358175146,0.7880217096576181,-0.05378397384010347
S6_duplicate_leakage,41,partial,0.722495894909688,0.7330511463844797,-0.010555251474791638
S6_duplicate_leakage,41,anti_leakage,0.7614330609679447,0.7624215313896499,-0.0009884704217051343
S6_duplicate_leakage,42,leaky,0.6990999999999999,0.7019424155816661,-0.0028424155816662022
S6_duplicate_leakage,42,partial,0.709197569662686,0.7446231932031336,-0.03542562354044765
S6_duplicate_leakage,42,anti_leakage,0.7142592030232479,0.7509042010572197,-0.03664499803397181
S6_duplicate_leakage,43,leaky,0.7306176194310252,0.7522526096769643,-0.021634990245939067
S6_duplicate_leakage,43,partial,0.7342859314433382,0.7117529739842565,0.02253295745908168
S6_duplicate_leakage,43,anti_leakage,0.7265655877628934,0.773936732966568,-0.04737114520367458
S6_duplicate_leakage,44,leaky,0.7323007373302639,0.7388280230055396,-0.006527285675275718
S6_duplicate_leakage,44,partial,0.7756725146198832,0.755811030705526,0.01986148391435716
S6_duplicate_leakage,44,anti_leakage,0.7222180504451287,0.7441867643881164,-0.021968713942987717
S6_duplicate_leakage,45,leaky,0.7744441110777744,0.7483289124668434,0.026115198610931034
S6_duplicate_leakage,45,partial,0.7627404148334381,0.7627256170430442,1.4797790393927812e-05
S6_duplicate_leakage,45,anti_leakage,0.6891390452366063,0.7356605173876165,-0.04652147215101021
S6_duplicate_leakage,46,leaky,0.7407212137949504,0.7327212513284561,0.00799996246649426
S6_duplicate_leakage,46,partial,0.7498331831982118,0.7558358898409677,-0.006002706642755928
S6_duplicate_leakage,46,anti_leakage,0.7833929300759337,0.7817227335237491,0.0016701965521845885
S6_duplicate_leakage,47,leaky,0.7512714881497304,0.7339336718502062,0.017337816299524245
S6_duplicate_leakage,47,partial,0.6900499796001632,0.7373342175066314,-0.047284237906468185
S6_duplicate_leakage,47,anti_leakage,0.7511584491782513,0.7633130094741808,-0.01215456029592954
S6_duplicate_leakage,48,leaky,0.7444644524476458,0.7309319792658414,0.013532473181804394
S6_duplicate_leakage,48,partial,0.6927100414574872,0.7613456045699779,-0.06863556311249075
S6_duplicate_leakage,48,anti_leakage,0.7928385546992294,0.7314535478635192,0.06138500683571013
S6_duplicate_leakage,49,leaky,0.742262084212642,0.6929448502170001,0.04931723399564181
S6_duplicate_leakage,49,partial,0.7906957362402905,0.7564809902740937,0.03421474596619689
S6_duplicate_leakage,49,anti_leakage,0.7851618495182852,0.7626352987253435,0.022526550792941635
S6_duplicate_leakage,50,leaky,0.7003435392060986,0.7204943175548936,-0.020150778348794973
S6_duplicate_leakage,50,partial,0.7307222668272447,0.7777998736118293,-0.047077606784584614
S6_duplicate_leakage,50,anti_leakage,0.7092000803939302,0.7542671744956976,-0.04506709410176735
